Time(s),Kn,Chamber Pressure(MPa),Thrust(N)
0,234.24,2.29997,0
0.01,234.41313,2.30286,1491.71811
0.02,234.58603,2.30575,1493.81821
0.03,234.75868,2.30863,1495.91651
0.04,234.9311,2.31152,1498.01301
0.05,235.10329,2.3144,1500.10768
0.06,235.27523,2.31728,1502.20051
0.07,235.44693,2.32016,1504.2915
0.08,235.61839,2.32303,1506.38062
0.09,235.78962,2.3259,1508.46788
0.1,235.9606,2.32877,1510.55324
0.11,236.13133,2.33164,1512.63671
0.12,236.30183,2.3345,1514.71827
0.13,236.47208,2.33736,1516.79791
0.14,236.64209,2.34022,1518.87561
0.15,236.81185,2.34308,1520.95136
0.16,236.98137,2.34593,1523.02515
0.17,237.15064,2.34878,1525.09697
0.18,237.31966,2.35163,1527.1668
0.19,237.48844,2.35447,1529.23464
0.2,237.65696,2.35732,1531.30046
0.21,237.82524,2.36016,1533.36426
0.22,237.99327,2.36299,1535.42602
0.23,238.16106,2.36583,1537.48573
0.24,238.32859,2.36866,1539.54338
0.25,238.49586,2.37149,1541.59896
0.26,238.66289,2.37431,1543.65245
0.27,238.82967,2.37713,1545.70384
0.28,238.99619,2.37995,1547.75312
0.29,239.16245,2.38277,1549.80028
0.3,239.32847,2.38558,1551.8453
0.31,239.49423,2.38839,1553.88817
0.32,239.65973,2.3912,1555.92888
0.33,239.82497,2.39401,1557.96741
0.34,239.98996,2.39681,1560.00376
0.35,240.1547,2.39961,1562.0379
0.36,240.31917,2.4024,1564.06984
0.37,240.48338,2.40519,1566.09955
0.38,240.64734,2.40798,1568.12702
0.39,240.81104,2.41077,1570.15225
0.4,240.97447,2.41355,1572.17521
0.41,241.13764,2.41633,1574.1959
0.42,241.30056,2.41911,1576.2143
0.43,241.46321,2.42188,1578.2304
0.44,241.62559,2.42465,1580.24419
0.45,241.78771,2.42742,1582.25565
0.46,241.94957,2.43019,1584.26478
0.47,242.11117,2.43295,1586.27155
0.48,242.27249,2.43571,1588.27597
0.49,242.43355,2.43846,1590.27801
0.5,242.59435,2.44121,1592.27766
0.51,242.75488,2.44396,1594.27491
0.52,242.91513,2.4467,1596.26975
0.53,243.07512,2.44944,1598.26217
0.54,243.23484,2.45218,1600.25215
0.55,243.3943,2.45492,1602.23968
0.56,243.55348,2.45765,1604.22475
0.57,243.71239,2.46038,1606.20734
0.58,243.87102,2.4631,1608.18745
0.59,244.02939,2.46582,1610.16506
0.6,244.18748,2.46854,1612.14016
0.61,244.3453,2.47125,1614.11273
0.62,244.50284,2.47396,1616.08276
0.63,244.66011,2.47667,1618.05025
0.64,244.81711,2.47937,1620.01518
0.65,244.97382,2.48207,1621.97753
0.66,245.13027,2.48477,1623.9373
0.67,245.28643,2.48746,1625.89446
0.68,245.44232,2.49015,1627.84902
0.69,245.59793,2.49284,1629.80095
0.7,245.75325,2.49552,1631.75025
0.71,245.9083,2.4982,1633.6969
0.72,246.06307,2.50087,1635.64089
0.73,246.21756,2.50354,1637.58221
0.74,246.37177,2.50621,1639.52084
0.75,246.52569,2.50887,1641.45678
0.76,246.67934,2.51153,1643.39
0.77,246.8327,2.51419,1645.32051
0.78,246.98577,2.51684,1647.24828
0.79,247.13856,2.51949,1649.1733
0.8,247.29107,2.52213,1651.09556
0.81,247.44329,2.52477,1653.01506
0.82,247.59522,2.52741,1654.93177
0.83,247.74687,2.53004,1656.84568
0.84,247.89823,2.53267,1658.75679
0.85,248.0493,2.5353,1660.66508
0.86,248.20009,2.53792,1662.57053
0.87,248.35058,2.54054,1664.47314
0.88,248.50079,2.54315,1666.3729
0.89,248.6507,2.54576,1668.26978
0.9,248.80033,2.54837,1670.16379
0.91,248.94966,2.55097,1672.0549
0.92,249.0987,2.55357,1673.9431
0.93,249.24745,2.55616,1675.82839
0.94,249.3959,2.55875,1677.71075
0.95,249.54406,2.56134,1679.59017
0.96,249.69193,2.56392,1681.46663
0.97,249.8395,2.5665,1683.34013
0.98,249.98678,2.56907,1685.21064
0.99,250.13376,2.57164,1687.07817
1.0,250.28044,2.5742,1688.9427
1.01,250.42683,2.57677,1690.80421
1.02,250.57292,2.57932,1692.66269
1.03,250.71871,2.58188,1694.51814
1.04,250.8642,2.58442,1696.37054
1.05,251.00939,2.58697,1698.21987
1.06,251.15428,2.58951,1700.06613
1.07,251.29887,2.59204,1701.9093
1.08,251.44316,2.59458,1703.74937
1.09,251.58715,2.5971,1705.58634
1.1,251.73083,2.59963,1707.42018
1.11,251.87422,2.60215,1709.25088
1.12,252.0173,2.60466,1711.07844
1.13,252.16007,2.60717,1712.90284
1.14,252.30254,2.60968,1714.72407
1.15,252.44471,2.61218,1716.54212
1.16,252.58657,2.61467,1718.35698
1.17,252.72812,2.61717,1720.16863
1.18,252.86937,2.61965,1721.97706
1.19,253.01031,2.62214,1723.78226
1.2,253.15094,2.62462,1725.58422
1.21,253.29126,2.62709,1727.38292
1.22,253.43128,2.62956,1729.17836
1.23,253.57098,2.63203,1730.97053
1.24,253.71038,2.63449,1732.7594
1.25,253.84946,2.63695,1734.54498
1.26,253.98823,2.6394,1736.32724
1.27,254.12669,2.64184,1738.10618
1.28,254.26484,2.64429,1739.88178
1.29,254.40268,2.64673,1741.65404
1.3,254.5402,2.64916,1743.42293
1.31,254.67741,2.65159,1745.18846
1.32,254.8143,2.65401,1746.9506
1.33,254.95088,2.65643,1748.70935
1.34,255.08714,2.65885,1750.46469
1.35,255.22309,2.66126,1752.21662
1.36,255.35872,2.66366,1753.96512
1.37,255.49403,2.66606,1755.71017
1.38,255.62903,2.66846,1757.45178
1.39,255.76371,2.67085,1759.18992
1.4,255.89806,2.67324,1760.92458
1.41,256.0321,2.67562,1762.65576
1.42,256.16582,2.678,1764.38344
1.43,256.29922,2.68037,1766.10761
1.44,256.4323,2.68274,1767.82826
1.45,256.56506,2.6851,1769.54538
1.46,256.69749,2.68746,1771.25895
1.47,256.8296,2.68981,1772.96897
1.48,256.96139,2.69216,1774.67542
1.49,257.09286,2.6945,1776.37829
1.5,257.224,2.69684,1778.07757
1.51,257.35481,2.69917,1779.77325
1.52,257.48531,2.7015,1781.46532
1.53,257.61547,2.70382,1783.15376
1.54,257.74531,2.70614,1784.83857
1.55,257.87482,2.70845,1786.51974
1.56,258.00401,2.71076,1788.19724
1.57,258.13287,2.71306,1789.87108
1.58,258.2614,2.71536,1791.54124
1.59,258.3896,2.71765,1793.2077
1.6,258.51747,2.71994,1794.87046
1.61,258.64501,2.72223,1796.52951
1.62,258.77223,2.7245,1798.18484
1.63,258.89911,2.72677,1799.83643
1.64,259.02566,2.72904,1801.48427
1.65,259.15188,2.7313,1803.12835
1.66,259.27776,2.73356,1804.76866
1.67,259.40332,2.73581,1806.4052
1.68,259.52854,2.73806,1808.03794
1.69,259.65342,2.7403,1809.66688
1.7,259.77797,2.74254,1811.29201
1.71,259.90219,2.74477,1812.91331
1.72,260.02607,2.74699,1814.53077
1.73,260.14962,2.74921,1816.1444
1.74,260.27283,2.75143,1817.75416
1.75,260.3957,2.75364,1819.36005
1.76,260.51824,2.75584,1820.96207
1.77,260.64043,2.75804,1822.5602
1.78,260.76229,2.76023,1824.15442
1.79,260.88381,2.76242,1825.74474
1.8,261.005,2.7646,1827.33113
1.81,261.12584,2.76678,1828.91359
1.82,261.24634,2.76895,1830.4921
1.83,261.3665,2.77112,1832.06666
1.84,261.48632,2.77328,1833.63726
1.85,261.6058,2.77543,1835.20388
1.86,261.72494,2.77758,1836.76651
1.87,261.84373,2.77973,1838.32514
1.88,261.96218,2.78187,1839.87977
1.89,262.08029,2.784,1841.43038
1.9,262.19805,2.78613,1842.97696
1.91,262.31547,2.78825,1844.5195
1.92,262.43254,2.79037,1846.05799
1.93,262.54927,2.79248,1847.59242
1.94,262.66565,2.79458,1849.12278
1.95,262.78169,2.79668,1850.64905
1.96,262.89738,2.79878,1852.17124
1.97,263.01272,2.80087,1853.68932
1.98,263.12771,2.80295,1855.20329
1.99,263.24236,2.80503,1856.71313
2.0,263.35665,2.8071,1858.21884
2.01,263.4706,2.80916,1859.72041
2.02,263.5842,2.81122,1861.21783
2.03,263.69745,2.81328,1862.71107
2.04,263.81035,2.81533,1864.20015
2.05,263.92289,2.81737,1865.68504
2.06,264.03509,2.81941,1867.16573
2.07,264.14693,2.82144,1868.64222
2.08,264.25842,2.82346,1870.11449
2.09,264.36956,2.82548,1871.58253
2.1,264.48034,2.8275,1873.04634
2.11,264.59077,2.82951,1874.50591
2.12,264.70085,2.83151,1875.96122
2.13,264.81057,2.83351,1877.41226
2.14,264.91994,2.8355,1878.85902
2.15,265.02895,2.83748,1880.3015
2.16,265.13761,2.83946,1881.73969
2.17,265.24591,2.84143,1883.17356
2.18,265.35385,2.8434,1884.60313
2.19,265.46143,2.84536,1886.02836
2.2,265.56866,2.84731,1887.44926
2.21,265.67553,2.84926,1888.86581
2.22,265.78204,2.85121,1890.27801
2.23,265.88819,2.85314,1891.68585
2.24,265.99399,2.85507,1893.0893
2.25,266.09942,2.857,1894.48838
2.26,266.20449,2.85892,1895.88306
2.27,266.3092,2.86083,1897.27333
2.28,266.41355,2.86274,1898.65919
2.29,266.51754,2.86464,1900.04063
2.3,266.62117,2.86653,1901.41764
2.31,266.72443,2.86842,1902.7902
2.32,266.82733,2.8703,1904.15831
2.33,266.92987,2.87218,1905.52196
2.34,267.03205,2.87405,1906.88114
2.35,267.13386,2.87591,1908.23583
2.36,267.2353,2.87777,1909.58604
2.37,267.33639,2.87962,1910.93175
2.38,267.4371,2.88147,1912.27295
2.39,267.53745,2.88331,1913.60963
2.4,267.63744,2.88514,1914.94178
2.41,267.73705,2.88697,1916.26939
2.42,267.8363,2.88879,1917.59246
2.43,267.93519,2.8906,1918.91098
2.44,268.0337,2.89241,1920.22493
2.45,268.13185,2.89421,1921.5343
2.46,268.22963,2.896,1922.8391
2.47,268.32704,2.89779,1924.1393
2.48,268.42408,2.89958,1925.4349
2.49,268.52075,2.90135,1926.72588
2.5,268.61705,2.90312,1928.01225
2.51,268.71298,2.90489,1929.294
2.52,268.80854,2.90664,1930.5711
2.53,268.90373,2.90839,1931.84356
2.54,268.99854,2.91014,1933.11136
2.55,269.09299,2.91188,1934.3745
2.56,269.18706,2.91361,1935.63296
2.57,269.28076,2.91533,1936.88675
2.58,269.37408,2.91705,1938.13584
2.59,269.46703,2.91876,1939.38023
2.6,269.55961,2.92047,1940.61992
2.61,269.65181,2.92217,1941.85488
2.62,269.74364,2.92386,1943.08513
2.63,269.83509,2.92555,1944.31063
2.64,269.92617,2.92723,1945.5314
2.65,270.01687,2.9289,1946.74741
2.66,270.1072,2.93056,1947.95866
2.67,270.19715,2.93222,1949.16515
2.68,270.28672,2.93388,1950.36686
2.69,270.37591,2.93552,1951.56378
2.7,270.46473,2.93716,1952.7559
2.71,270.55317,2.9388,1953.94323
2.72,270.64123,2.94043,1955.12574
2.73,270.72891,2.94205,1956.30344
2.74,270.81621,2.94366,1957.4763
2.75,270.90314,2.94527,1958.64433
2.76,270.98968,2.94687,1959.80752
2.77,271.07584,2.94846,1960.96585
2.78,271.16162,2.95005,1962.11933
2.79,271.24702,2.95163,1963.26793
2.8,271.33204,2.9532,1964.41166
2.81,271.41668,2.95477,1965.5505
2.82,271.50094,2.95633,1966.68445
2.83,271.58481,2.95788,1967.8135
2.84,271.6683,2.95943,1968.93763
2.85,271.75141,2.96097,1970.05686
2.86,271.83413,2.9625,1971.17115
2.87,271.91647,2.96403,1972.28051
2.88,271.99843,2.96555,1973.38494
2.89,272.08,2.96706,1974.48441
2.9,272.16119,2.96857,1975.57892
2.91,272.24199,2.97006,1976.66848
2.92,272.32241,2.97156,1977.75306
2.93,272.40244,2.97304,1978.83266
2.94,272.48208,2.97452,1979.90727
2.95,272.56134,2.97599,1980.97688
2.96,272.64021,2.97746,1982.0415
2.97,272.7187,2.97891,1983.1011
2.98,272.79679,2.98037,1984.15569
2.99,272.8745,2.98181,1985.20525
3.0,272.95182,2.98325,1986.24977
3.01,273.02876,2.98468,1987.28926
3.02,273.1053,2.9861,1988.3237
3.03,273.18146,2.98752,1989.35308
3.04,273.25722,2.98893,1990.3774
3.05,273.3326,2.99033,1991.39665
3.06,273.40759,2.99172,1992.41083
3.07,273.48218,2.99311,1993.41991
3.08,273.55639,2.99449,1994.42391
3.09,273.6302,2.99587,1995.42281
3.1,273.70363,2.99723,1996.4166
3.11,273.77666,2.99859,1997.40528
3.12,273.8493,2.99995,1998.38884
3.13,273.92155,3.00129,1999.36727
3.14,273.9934,3.00263,2000.34057
3.15,274.06487,3.00396,2001.30872
3.16,274.13594,3.00529,2002.27173
3.17,274.20661,3.00661,2003.22958
3.18,274.2769,3.00792,2004.18227
3.19,274.34679,3.00922,2005.12979
3.2,274.41628,3.01052,2006.07214
3.21,274.48538,3.01181,2007.0093
3.22,274.55409,3.01309,2007.94127
3.23,274.6224,3.01437,2008.86805
3.24,274.69032,3.01563,2009.78963
3.25,274.75784,3.01689,2010.706
3.26,274.82496,3.01815,2011.61715
3.27,274.89169,3.01939,2012.52307
3.28,274.95802,3.02063,2013.42377
3.29,275.02396,3.02187,2014.31924
3.3,275.0895,3.02309,2015.20946
3.31,275.15464,3.02431,2016.09444
3.32,275.21938,3.02552,2016.97416
3.33,275.28373,3.02672,2017.84862
3.34,275.34768,3.02792,2018.71781
3.35,275.41123,3.02911,2019.58173
3.36,275.47438,3.03029,2020.44037
3.37,275.53713,3.03146,2021.29372
3.38,275.59949,3.03263,2022.14178
3.39,275.66144,3.03379,2022.98455
3.4,275.72299,3.03494,2023.82201
3.41,275.78415,3.03608,2024.65416
3.42,275.8449,3.03722,2025.48099
3.43,275.90526,3.03835,2026.3025
3.44,275.96521,3.03947,2027.11868
3.45,276.02476,3.04059,2027.92953
3.46,276.08392,3.0417,2028.73504
3.47,276.14267,3.0428,2029.53521
3.48,276.20102,3.04389,2030.33002
3.49,276.25896,3.04498,2031.11947
3.5,276.31651,3.04606,2031.90357
3.51,276.37365,3.04713,2032.68229
3.52,276.43039,3.04819,2033.45564
3.53,276.48673,3.04925,2034.22361
3.54,276.54266,3.0503,2034.98619
3.55,276.59819,3.05134,2035.74338
3.56,276.65332,3.05238,2036.49518
3.57,276.70804,3.0534,2037.24158
3.58,276.76236,3.05442,2037.98256
3.59,276.81628,3.05543,2038.71814
3.6,276.86979,3.05644,2039.4483
3.61,276.9229,3.05744,2040.17303
3.62,276.9756,3.05842,2040.89234
3.63,277.0279,3.05941,2041.60621
3.64,277.07979,3.06038,2042.31464
3.65,277.13127,3.06135,2043.01763
3.66,277.18235,3.06231,2043.71517
3.67,277.23303,3.06326,2044.40726
3.68,277.2833,3.06421,2045.09388
3.69,277.33316,3.06514,2045.77505
3.7,277.38261,3.06607,2046.45074
3.71,277.43166,3.06699,2047.12096
3.72,277.48031,3.06791,2047.7857
3.73,277.52854,3.06882,2048.44496
3.74,277.57637,3.06972,2049.09872
3.75,277.62379,3.07061,2049.747
3.76,277.6708,3.07149,2050.38978
3.77,277.7174,3.07237,2051.02705
3.78,277.7636,3.07324,2051.65882
3.79,277.80938,3.0741,2052.28507
3.8,277.85476,3.07495,2052.90581
3.81,277.89973,3.0758,2053.52103
3.82,277.94429,3.07664,2054.13072
3.83,277.98845,3.07747,2054.73488
3.84,278.03219,3.07829,2055.33351
3.85,278.07552,3.07911,2055.9266
3.86,278.11845,3.07992,2056.51415
3.87,278.16096,3.08072,2057.09614
3.88,278.20306,3.08151,2057.67259
3.89,278.24476,3.0823,2058.24348
3.9,278.28604,3.08307,2058.80882
3.91,278.32691,3.08385,2059.36858
3.92,278.36738,3.08461,2059.92278
3.93,278.40743,3.08536,2060.47141
3.94,278.44707,3.08611,2061.01446
3.95,278.4863,3.08685,2061.55194
3.96,278.52511,3.08758,2062.08382
3.97,278.56352,3.0883,2062.61012
3.98,278.60151,3.08902,2063.13083
3.99,278.6391,3.08973,2063.64594
4.0,278.67627,3.09043,2064.15546
4.01,278.71302,3.09112,2064.65937
4.02,278.74937,3.09181,2065.15767
4.03,278.7853,3.09249,2065.65036
4.04,278.82082,3.09316,2066.13744
4.05,278.85593,3.09382,2066.6189
4.06,278.89063,3.09447,2067.09474
4.07,278.92491,3.09512,2067.56496
4.08,278.95878,3.09576,2068.02955
4.09,278.99223,3.09639,2068.48851
4.1,279.02527,3.09702,2068.94183
4.11,279.0579,3.09763,2069.38951
4.12,279.09012,3.09824,2069.83156
4.13,279.12192,3.09884,2070.26795
4.14,279.1533,3.09943,2070.6987
4.15,279.18428,3.10002,2071.1238
4.16,279.21483,3.1006,2071.54325
4.17,279.24498,3.10116,2071.95704
4.18,279.27471,3.10173,2072.36517
4.19,279.30402,3.10228,2072.76763
4.2,279.33292,3.10283,2073.16443
4.21,279.36141,3.10336,2073.55556
4.22,279.38948,3.10389,2073.94102
4.23,279.41713,3.10442,2074.32081
4.24,279.44437,3.10493,2074.69491
4.25,279.47119,3.10544,2075.06334
4.26,279.4976,3.10594,2075.42608
4.27,279.52359,3.10643,2075.78314
4.28,279.54917,3.10691,2076.13451
4.29,279.57433,3.10739,2076.48019
4.3,279.59908,3.10786,2076.82018
4.31,279.62341,3.10832,2077.15447
4.32,279.64732,3.10877,2077.48306
4.33,279.67082,3.10921,2077.80595
4.34,279.6939,3.10965,2078.12314
4.35,279.71656,3.11008,2078.43463
4.36,279.73881,3.1105,2078.7404
4.37,279.76064,3.11091,2079.04047
4.38,279.78205,3.11132,2079.33482
4.39,279.80305,3.11171,2079.62346
4.4,279.82363,3.1121,2079.90639
4.41,279.84379,3.11248,2080.18359
4.42,279.86354,3.11286,2080.45508
4.43,279.88287,3.11322,2080.72084
4.44,279.90178,3.11358,2080.98088
4.45,279.92027,3.11393,2081.23519
4.46,279.93835,3.11427,2081.48377
4.47,279.95601,3.11461,2081.72662
4.48,279.97325,3.11493,2081.96375
4.49,279.99008,3.11525,2082.19513
4.5,280.00648,3.11556,2082.42079
4.51,280.02247,3.11586,2082.6407
4.52,280.03804,3.11616,2082.85488
4.53,280.0532,3.11644,2083.06332
4.54,280.06793,3.11672,2083.26601
4.55,280.08225,3.11699,2083.46296
4.56,280.09615,3.11726,2083.65417
4.57,280.10963,3.11751,2083.83963
4.58,280.12269,3.11776,2084.01935
4.59,280.13534,3.118,2084.19331
4.6,280.14756,3.11823,2084.36153
4.61,280.15937,3.11845,2084.52399
4.62,280.17076,3.11867,2084.68071
4.63,280.18173,3.11888,2084.83167
4.64,280.19228,3.11908,2084.97687
4.65,280.20242,3.11927,2085.11632
4.66,280.21213,3.11945,2085.25001
4.67,280.22143,3.11963,2085.37794
4.68,280.23031,3.1198,2085.50012
4.69,280.23877,3.11996,2085.61653
4.7,280.24681,3.12011,2085.72719
4.71,280.25443,3.12025,2085.83208
4.72,280.26163,3.12039,2085.93121
4.73,280.26842,3.12052,2086.02458
4.74,280.27478,3.12064,2086.11219
4.75,280.28073,3.12075,2086.19403
4.76,280.28626,3.12086,2086.2701
4.77,280.29136,3.12095,2086.34041
4.78,280.29605,3.12104,2086.40496
4.79,280.30032,3.12112,2086.46374
4.8,280.30417,3.1212,2086.51675
4.81,280.30761,3.12126,2086.56399
4.82,280.31062,3.12132,2086.60547
4.83,280.31321,3.12137,2086.64118
4.84,280.31539,3.12141,2086.67112
4.85,280.31715,3.12144,2086.69529
4.86,280.31848,3.12147,2086.7137
4.87,280.3194,3.12148,2086.72633
4.88,280.3199,3.12149,2086.7332
4.89,280.31998,3.1215,2086.73429
4.9,280.31964,3.12149,2086.72962
4.91,280.31888,3.12147,2086.71918
4.92,280.3177,3.12145,2086.70297
4.93,280.31611,3.12142,2086.681
4.94,280.31409,3.12138,2086.65325
4.95,280.31166,3.12134,2086.61974
4.96,280.3088,3.12128,2086.58045
4.97,280.30553,3.12122,2086.5354
4.98,280.30184,3.12115,2086.48459
4.99,280.29773,3.12107,2086.428
5.0,280.2932,3.12099,2086.36565
5.01,280.28825,3.12089,2086.29753
5.02,280.28288,3.12079,2086.22365
5.03,280.27709,3.12068,2086.144
5.04,280.27089,3.12057,2086.05859
5.05,280.26426,3.12044,2085.96741
5.06,280.25722,3.12031,2085.87047
5.07,280.24976,3.12017,2085.76776
5.08,280.24187,3.12002,2085.6593
5.09,280.23357,3.11986,2085.54507
5.1,280.22486,3.11969,2085.42508
5.11,280.21572,3.11952,2085.29934
5.12,280.20616,3.11934,2085.16783
5.13,280.19619,3.11915,2085.03057
5.14,280.18579,3.11895,2084.88755
5.15,280.17498,3.11875,2084.73877
5.16,280.16375,3.11854,2084.58424
5.17,280.1521,3.11832,2084.42396
5.18,280.14003,3.11809,2084.25793
5.19,280.12755,3.11785,2084.08614
5.2,280.11464,3.11761,2083.90861
5.21,280.10132,3.11736,2083.72532
5.22,280.08758,3.1171,2083.53629
5.23,280.07342,3.11683,2083.34151
5.24,280.05884,3.11655,2083.14099
5.25,280.04385,3.11627,2082.93473
5.26,280.02844,3.11598,2082.72272
5.27,280.0126,3.11568,2082.50498
5.28,279.99636,3.11537,2082.28149
5.29,279.97969,3.11505,2082.05227
5.3,279.96261,3.11473,2081.81732
5.31,279.9451,3.1144,2081.57663
5.32,279.92718,3.11406,2081.33021
5.33,279.90885,3.11371,2081.07806
5.34,279.89009,3.11336,2080.82018
5.35,279.87092,3.113,2080.55658
5.36,279.85133,3.11263,2080.28725
5.37,279.83133,3.11225,2080.0122
5.38,279.8109,3.11186,2079.73143
5.39,279.79006,3.11147,2079.44495
5.4,279.76881,3.11106,2079.15274
5.41,279.74713,3.11065,2078.85483
5.42,279.72504,3.11024,2078.5512
5.43,279.70253,3.10981,2078.24186
5.44,279.67961,3.10938,2077.92682
5.45,279.65627,3.10894,2077.60607
5.46,279.63251,3.10849,2077.27961
5.47,279.60834,3.10803,2076.94746
5.48,279.58375,3.10757,2076.60961
5.49,279.55875,3.10709,2076.26606
5.5,279.53333,3.10661,2075.91683
5.51,279.50749,3.10612,2075.5619
5.52,279.48124,3.10563,2075.20128
5.53,279.45457,3.10512,2074.83498
5.54,279.42748,3.10461,2074.463
5.55,279.39998,3.10409,2074.08533
5.56,279.37207,3.10357,2073.70199
5.57,279.34374,3.10303,2073.31298
5.58,279.31499,3.10249,2072.91829
5.59,279.28584,3.10194,2072.51794
5.6,279.25626,3.10138,2072.11192
5.61,279.22627,3.10081,2071.70024
5.62,279.19587,3.10024,2071.2829
5.63,279.16505,3.09966,2070.8599
5.64,279.13382,3.09907,2070.43125
5.65,279.10217,3.09847,2069.99695
5.66,279.07011,3.09786,2069.557
5.67,279.03763,3.09725,2069.11141
5.68,279.00475,3.09663,2068.66018
5.69,278.97144,3.096,2068.2033
5.7,278.93773,3.09536,2067.7408
5.71,278.9036,3.09472,2067.27267
5.72,278.86906,3.09407,2066.7989
5.73,278.8341,3.09341,2066.31952
5.74,278.79873,3.09274,2065.83451
5.75,278.76295,3.09207,2065.34389
5.76,278.72676,3.09138,2064.84765
5.77,278.69015,3.09069,2064.34581
5.78,278.65313,3.08999,2063.83835
5.79,278.6157,3.08929,2063.3253
5.8,278.57786,3.08858,2062.80665
5.81,278.5396,3.08785,2062.2824
5.82,278.50094,3.08712,2061.75256
5.83,278.46186,3.08639,2061.21714
5.84,278.42237,3.08564,2060.67613
5.85,278.38247,3.08489,2060.12954
5.86,278.34216,3.08413,2059.57738
5.87,278.30143,3.08336,2059.01964
5.88,278.2603,3.08259,2058.45634
5.89,278.21876,3.08181,2057.88747
5.9,278.1768,3.08102,2057.31305
5.91,278.13444,3.08022,2056.73307
5.92,278.09166,3.07941,2056.14754
5.93,278.04848,3.0786,2055.55646
5.94,278.00489,3.07778,2054.95985
5.95,277.96088,3.07695,2054.35769
5.96,277.91647,3.07611,2053.75
5.97,277.87165,3.07527,2053.13678
5.98,277.82642,3.07442,2052.51804
5.99,277.78078,3.07356,2051.89378
6.0,277.73473,3.07269,2051.264
6.01,277.68827,3.07182,2050.62871
6.02,277.64141,3.07094,2049.98791
6.03,277.59413,3.07005,2049.34161
6.04,277.54645,3.06915,2048.68982
6.05,277.49837,3.06825,2048.03253
6.06,277.44987,3.06734,2047.36976
6.07,277.40097,3.06642,2046.7015
6.08,277.35166,3.06549,2046.02776
6.09,277.30194,3.06456,2045.34856
6.1,277.25182,3.06361,2044.66388
6.11,277.20129,3.06266,2043.97374
6.12,277.15035,3.06171,2043.27814
6.13,277.09901,3.06074,2042.57709
6.14,277.04726,3.05977,2041.87059
6.15,276.99511,3.05879,2041.15865
6.16,276.94255,3.0578,2040.44127
6.17,276.88959,3.05681,2039.71846
6.18,276.83622,3.05581,2038.99022
6.19,276.78245,3.0548,2038.25656
6.2,276.72827,3.05378,2037.51748
6.21,276.67369,3.05276,2036.77299
6.22,276.6187,3.05173,2036.02309
6.23,276.56332,3.05069,2035.26779
6.24,276.50752,3.04964,2034.5071
6.25,276.45133,3.04859,2033.74102
6.26,276.39473,3.04752,2032.96955
6.27,276.33773,3.04646,2032.19271
6.28,276.28032,3.04538,2031.41049
6.29,276.22252,3.0443,2030.62291
6.3,276.16431,3.04321,2029.82996
6.31,276.1057,3.04211,2029.03166
6.32,276.04668,3.041,2028.228
6.33,275.98727,3.03989,2027.419
6.34,275.92746,3.03877,2026.60467
6.35,275.86724,3.03764,2025.785
6.36,275.80662,3.0365,2024.96
6.37,275.74561,3.03536,2024.12969
6.38,275.68419,3.03421,2023.29406
6.39,275.62237,3.03306,2022.45311
6.4,275.56016,3.03189,2021.60687
6.41,275.49754,3.03072,2020.75533
6.42,275.43453,3.02954,2019.8985
6.43,275.37111,3.02836,2019.03638
6.44,275.3073,3.02716,2018.16899
6.45,275.24309,3.02596,2017.29632
6.46,275.17848,3.02475,2016.41839
6.47,275.11348,3.02354,2015.5352
6.48,275.04807,3.02232,2014.64676
6.49,274.98227,3.02109,2013.75307
6.5,274.91607,3.01985,2012.85414
6.51,274.84948,3.01861,2011.94997
6.52,274.78249,3.01735,2011.04058
6.53,274.7151,3.0161,2010.12597
6.54,274.64732,3.01483,2009.20614
6.55,274.57914,3.01356,2008.2811
6.56,274.51057,3.01228,2007.35087
6.57,274.4416,3.01099,2006.41544
6.58,274.37223,3.0097,2005.47482
6.59,274.30247,3.0084,2004.52902
6.6,274.23232,3.00709,2003.57805
6.61,274.16178,3.00577,2002.6219
6.62,274.09084,3.00445,2001.6606
6.63,274.0195,3.00312,2000.69415
6.64,273.94778,3.00178,1999.72255
6.65,273.87566,3.00044,1998.7458
6.66,273.80315,2.99909,1997.76393
6.67,273.73024,2.99773,1996.77693
6.68,273.65695,2.99637,1995.78481
6.69,273.58326,2.99499,1994.78758
6.7,273.50918,2.99361,1993.78525
6.71,273.43472,2.99223,1992.77781
6.72,273.35986,2.99083,1991.76529
6.73,273.28461,2.98943,1990.74769
6.74,273.20897,2.98803,1989.72501
6.75,273.13294,2.98661,1988.69726
6.76,273.05652,2.98519,1987.66445
6.77,272.97971,2.98376,1986.62658
6.78,272.90252,2.98233,1985.58367
6.79,272.82493,2.98089,1984.53572
6.8,272.74696,2.97944,1983.48274
6.81,272.6686,2.97798,1982.42474
6.82,272.58985,2.97652,1981.36172
6.83,272.51072,2.97505,1980.29369
6.84,272.4312,2.97358,1979.22065
6.85,272.35129,2.97209,1978.14263
6.86,272.27099,2.9706,1977.05962
6.87,272.19031,2.96911,1975.97163
6.88,272.10925,2.9676,1974.87867
6.89,272.0278,2.96609,1973.78075
6.9,271.94596,2.96457,1972.67787
6.91,271.86374,2.96305,1971.57005
6.92,271.78114,2.96152,1970.45729
6.93,271.69815,2.95998,1969.33959
6.94,271.61478,2.95844,1968.21698
6.95,271.53102,2.95689,1967.08944
6.96,271.44689,2.95533,1965.957
6.97,271.36237,2.95376,1964.81966
6.98,271.27747,2.95219,1963.67743
6.99,271.19218,2.95061,1962.53032
7.0,271.10652,2.94903,1961.37833
7.01,271.02047,2.94744,1960.22147
7.02,270.93405,2.94584,1959.05976
7.03,270.84724,2.94423,1957.89319
7.04,270.76005,2.94262,1956.72178
7.05,270.67249,2.941,1955.54554
7.06,270.58454,2.93938,1954.36447
7.07,270.49622,2.93775,1953.17858
7.08,270.40751,2.93611,1951.98789
7.09,270.31843,2.93446,1950.79239
7.1,270.22898,2.93281,1949.59211
7.11,270.13914,2.93115,1948.38704
7.12,270.04893,2.92949,1947.17719
7.13,269.95834,2.92782,1945.96258
7.14,269.86737,2.92614,1944.7432
7.15,269.77603,2.92446,1943.51908
7.16,269.68431,2.92277,1942.29022
7.17,269.59222,2.92107,1941.05663
7.18,269.49975,2.91937,1939.81831
7.19,269.40691,2.91765,1938.57528
7.2,269.31369,2.91594,1937.32754
7.21,269.2201,2.91422,1936.0751
7.22,269.12614,2.91249,1934.81798
7.23,269.0318,2.91075,1933.55617
7.24,268.93709,2.90901,1932.28969
7.25,0.0,0.0,0.0
